{
  "mode": "orion",
  "useWhiteList": false,
  "jdbc": {
    "username": "sa",
    "password": "",
    "url": "jdbc:h2:/home/cryftcreator/QBFT-Network/Node-1/Tessera/tessera1;MODE=Oracle;TRACE_LEVEL_SYSTEM_OUT=0",
    "autoCreateTables": true
  },
  "serverConfigs": [
    {
      "app": "ThirdParty",
      "serverAddress": "http://10.1.10.125:9101",
      "communicationType": "REST"
    },
    {
      "app": "Q2T",
      "serverAddress": "http://10.1.10.125:9102",
      "communicationType": "REST"
    },
    {
      "app": "P2P",
      "serverAddress": "http://10.1.10.125:9103",
      "sslConfig": {
        "tls": "OFF"
      },
      "communicationType": "REST"
    }
  ],
  "peer": [
    {
      "url": "http://10.1.10.125:9113"
    },
    {
      "url": "http://10.1.10.125:9123"
    },
    {
      "url": "http://10.1.10.125:9133"
    }
  ],
  "keys": {
    "passwords": [],
    "keyData": [
      {
        "privateKeyPath": "/home/cryftcreator/QBFT-Network/Node-1/Tessera/node1.key",
        "publicKeyPath": "/home/cryftcreator/QBFT-Network/Node-1/Tessera/node1.pub"
      }
    ]
  },
  "alwaysSendTo": []
}

